Country,PC1,PC2,PC3,PC4,PC5,PC6,PC7,PC8,PC9,PC10,PC11,PC12,PC13,PC14,PC15,PC16,PC17,PC18,PC19,PC20,PC21,PC22,PC23,PC24,PC25,PC26,PC27,PC28,PC29,PC30
Albania,-1.789567805,1.779270251,1.008428956,-0.60460113,0.723230207,0.629274906,0.432792846,0.716112863,0.369387361,0.054928574,-0.290197362,-1.346974985,0.043728281,0.266732185,-0.385897742,-0.571344052,0.093785657,-0.105866708,0.347603119,0.327372108,0.316398407,0.042779687,0.457187695,0.338750669,-0.330417051,0.291368945,0.177989738,-0.020716512,0.028739106,0.009669957
Argentina,-2.784904175,1.073561221,1.487719485,-0.96431353,0.441763522,-0.89346793,-0.56068504,0.003803938,0.346982175,-0.525187741,-0.44655328,0.767926423,0.381649899,-0.399939146,0.557878126,0.097579057,-0.034433659,0.073134167,-0.361373874,-0.454345254,0.03719237,-0.103074139,0.080194119,0.209640055,-0.176105421,-0.002715579,-0.061580272,-0.064764321,0.062584431,0.027525237
Armenia,-2.074465797,1.867513992,0.519535733,-0.982005836,1.198356472,-0.817915081,0.533069279,-0.241470855,0.026082258,0.546785196,0.478209517,0.618394253,-0.376200656,-0.844387006,0.167368475,0.066242251,-0.425726834,0.165859572,-0.015540335,0.095327354,0.571512769,-0.113792206,-0.013101606,-0.069420949,0.069114452,0.090436331,0.091193955,0.094430011,0.049472801,-0.012524592
Australia,-4.642466136,-1.852177372,0.589351599,0.602366907,-0.995534391,0.145570521,-0.483539319,0.069924402,-0.717024696,0.124165575,0.444174659,0.042926184,-0.095953953,-0.218128497,0.11986738,-0.14003235,-0.129733171,0.045612686,-0.193489142,-0.102078127,-0.069401516,-0.129992262,-0.026283709,-0.081880874,0.036053484,-0.05117868,-0.071417433,-0.043204851,-0.136579171,-0.021254548
Austria,-4.115412225,-0.684866929,-0.029146746,0.460880188,0.005724613,0.265493652,0.612594693,0.790858441,0.055087124,-0.569979323,-0.716811079,0.556408365,1.484157475,-0.888436988,0.245050408,0.712812465,0.260466154,-0.439759107,-0.331911612,-0.264238082,0.222203307,-0.015088999,-0.091120361,0.036118825,-0.050495989,-0.115660921,-0.147555905,-0.052041851,-0.017780983,0.00122344
Azerbaijan,-1.055318078,-0.209469946,-0.688417325,-0.58303792,0.449329805,-0.508502396,0.368133566,-0.963959652,-0.375977442,0.243256286,0.607722787,0.411045201,0.075325483,-0.665813533,0.490638245,-0.345785186,0.353165043,-0.554388141,0.645932272,0.373748984,-0.001819392,-0.131274338,-0.137312393,0.006697862,0.109793651,0.142536982,-0.067511366,-0.087604195,0.113568769,-0.041415771
Bangladesh,2.395381816,4.343436102,1.849979803,-1.824900069,1.614611473,2.709379405,-0.395722841,0.504647884,-0.231480045,-0.838485084,0.498846442,0.041388496,-0.585415259,-0.679121755,0.35241878,-0.946982712,-0.410437394,0.607212728,-0.241916936,-0.749831279,0.496450394,0.107403917,0.250835438,0.154765152,-0.025218071,-0.234970358,-0.092012801,0.047858649,-0.055781741,0.01052139
Barbados,-2.546492165,0.501178705,1.309899463,-1.160180484,-0.310833701,-0.732339583,-0.255967598,0.205504462,-0.82535469,-0.42078706,-0.069040431,-0.971082824,0.934325895,0.072923573,0.778822725,-0.607295976,0.482416096,-0.285685674,0.262219532,-0.198163803,-0.383075502,0.253377604,0.101052582,-0.013536468,-0.049481735,-0.019931717,0.037490591,-0.086412933,0.055513239,-0.016117473
Belarus,-2.7052528,0.544568191,-0.454569465,1.878418002,0.84543655,-1.60192789,0.964017128,-0.180232176,0.008790264,1.362997522,0.767602222,0.673697669,0.024408238,-0.305472885,0.112303246,-0.029313962,0.201218162,0.547532071,0.03092453,0.00136059,-0.723709857,0.251887311,-0.227304502,0.314962378,-0.020348545,0.000202517,-0.030993559,0.046670507,0.030829763,0.037807794
Benin,7.670596757,0.303937456,2.90351108,-0.144155279,-0.205855655,-0.691046673,0.595596129,0.103743027,0.76119361,-0.004204497,0.69031959,-1.787962431,-0.303853402,-1.015250171,-0.171701555,0.3655132,-0.207593292,-0.163702025,-0.154580509,-0.207286001,0.261996433,-0.182261119,0.572631678,-0.047215624,0.276371254,-0.011090182,-0.106162129,0.164183607,0.00121641,-0.005079009
Bosnia and Herzegovina,-1.378157769,1.167935713,-0.96419186,0.4731733,1.403159817,0.810914681,1.817434967,1.020995415,-0.162938109,0.748130957,-0.302266499,-0.036455792,-0.831973804,0.277068362,-0.543249602,0.329239774,-0.776369192,-0.347873804,0.278529475,0.413933169,-0.583004781,0.213178516,0.23400007,-0.145417128,-0.246873366,0.141734183,0.097538387,0.144962284,-0.034623869,0.026173183
Botswana,1.952830023,-1.031281233,-2.117315526,-0.33883368,0.435818724,-0.590585258,-1.166794793,-0.202256629,-0.265956532,0.325014132,-0.502322071,-0.160707813,-0.581322868,-0.360393603,-0.300851789,-0.417692886,-0.086706678,-0.625299326,0.039600396,0.082251056,-0.210932954,-0.079767662,0.327017693,-0.155960471,-0.246165769,-0.084804386,-0.531446672,0.092542586,0.017370661,0.022700743
Brazil,-2.655790637,0.912365968,1.961609439,-0.996807437,0.032153266,-1.045453739,-1.796035354,-1.062717249,0.579960905,-0.035949383,-0.224258559,0.369335133,-0.928882901,0.88003342,0.0407127,-0.183778995,0.011538824,0.04063231,0.00672279,0.329042053,-0.202502056,-0.023911737,-0.531212631,-0.369626565,0.139554612,0.051797398,0.126689595,0.009970752,-0.071021101,-0.018383626
Burkina Faso,7.058849803,-1.445467998,0.780978868,1.446887894,-0.214326015,-1.288227135,0.471588826,0.975346843,1.026087446,-0.826443493,-0.6016452,-0.578865217,-0.611128292,-0.297960462,0.314675707,-0.044261384,0.512319145,-0.450927204,0.080760951,0.618672708,0.019382199,-0.50897409,-0.059089067,-0.021772633,0.73406473,0.179176795,-0.368233533,0.128761942,-0.007622391,0.064194332
Burundi,6.435735788,-1.134766859,0.39373776,1.001867091,-0.371236565,-1.573463059,0.784635348,0.637467942,0.531136992,1.666252,-0.67278977,0.003216296,-0.164304874,-0.103389999,-1.41167769,0.196040061,0.558325227,0.335681916,-0.340689111,-0.933772033,0.222426071,0.512649326,-0.029017997,0.317178872,-0.29513979,0.474901338,0.081164946,0.020762391,0.012894249,-0.070277034
Cambodia,1.99755544,1.641329824,-0.063185342,-1.570790229,1.135321316,0.346137204,-0.733289479,1.348756506,-0.4849462,-0.212958443,0.422711932,-0.251339373,-0.546769738,0.428632831,0.292688579,-0.062853136,0.306969653,-0.493042813,0.000519331,-0.645920662,0.039822557,-0.221052872,0.037151099,0.215953281,0.096813553,-0.061545903,-0.029370604,-0.056330164,-0.00399795,-0.007927506
Cameroon,6.913705677,0.163386932,1.252941028,-0.099592336,0.022304732,-1.026448398,-0.310385594,0.393359239,-0.430703325,0.371563743,-0.268494315,0.364081184,0.168487314,0.420332654,-0.186466581,-0.264719207,0.204820742,-0.271506012,0.181233904,0.220265514,-0.14140255,-0.524125658,0.208840566,0.370614616,0.054031796,0.040859433,-0.017024819,0.028562877,-0.015662143,-0.014553182
Canada,-4.288207818,-1.943570828,0.563169367,0.392130145,-1.136179179,0.569539457,-0.470672069,-0.173661286,-0.149347106,-0.048729607,0.110896918,-0.768728004,0.237969901,0.081765503,-0.08628381,-0.087112392,0.17561648,0.290851052,-0.210661293,-0.241481015,-0.004555371,-0.21317417,0.261931106,-0.083083635,0.043226742,-0.291577511,0.081011504,-0.118191031,-0.052337735,-0.012307547
Chad,11.38589255,-0.580655036,2.598100431,2.390248989,-0.080956488,0.216619124,0.820383123,-1.160742118,-1.821907854,-0.116427707,-0.734930785,1.52665163,0.976190537,1.001478506,-0.75047159,-0.151292302,-0.557830869,0.23008121,1.002619235,0.114663409,0.369041937,-0.024042493,0.128584207,-0.266064026,0.09560429,-0.101035286,0.213940099,0.088859155,-0.020909578,-0.020573374
Chile,-4.050759739,0.424795914,0.801076808,0.900840435,0.786291696,0.655334055,-0.858156699,-0.66852255,0.921019981,-0.449962465,-0.616737851,0.746276966,-1.774625827,-0.30949997,-0.794094855,0.198947376,-0.388174452,0.271181416,0.315083226,0.254478671,0.115070772,-0.122037601,-0.144101963,0.312387018,-0.050229265,0.167479367,-0.036315258,-0.00441964,-0.007333856,0.022149365
China,-1.257922907,2.493394572,1.116569371,-0.85573894,0.778971461,-0.133810355,0.636356275,1.337658642,0.18457883,1.130223451,0.211110577,-0.487176981,-0.086606254,0.620588666,-0.353666178,0.634009647,-0.077067614,0.22710885,-0.080160748,0.04707006,-0.426020895,-0.419383236,0.29496754,0.150115682,0.201178059,-0.31389901,-0.018395657,-0.103696978,0.011911738,-0.044476003
Comoros,5.060338048,-0.042216491,0.561843018,-0.551386529,0.138920647,0.165570558,0.848505557,-0.6919117,-0.107635127,0.377834112,-0.512087675,-0.428250835,-0.530081695,-0.63386689,-0.842367152,0.041727312,-0.076622592,-0.385376126,-0.68019549,-0.372057825,-0.084170531,0.345351987,-0.234191012,-0.29137235,1.024052916,0.113107412,-0.021176384,-0.06040645,0.028742002,-0.099478519
Congo,5.216722305,-1.506925666,-0.093551462,0.268262255,0.140831985,-0.235570915,-1.073146542,1.400211372,1.242426651,-0.96356667,0.343300613,-0.39887707,0.00982677,0.259024683,0.374495454,0.729141348,-0.32706725,-0.631849922,1.002875744,0.267024277,0.736669732,0.480163858,-0.11117195,-0.229590845,-0.071253864,0.195938722,0.09079965,-0.12528592,-0.026959902,-0.08009177
Costa Rica,-2.604195366,-0.658389095,0.271520334,-1.86762772,-1.638095244,-0.1591931,0.333442969,0.336284349,-0.447310465,-0.420574597,0.234051062,-0.117050158,0.969337768,-0.185968076,-0.373011729,-0.566567988,-0.603445539,0.055475133,0.05857377,-0.011049724,-0.064586021,-0.011820003,-0.495386214,0.023233687,-0.045242226,0.24973073,-0.001342659,0.071969683,-0.030737916,-0.00786317
Croatia,-3.435099545,-0.210188801,-0.695082055,1.328575215,0.594862945,0.627426876,0.632641623,-0.279242154,0.127755138,0.05536433,-0.594901874,0.124913529,-0.224512993,0.160865259,-0.158870569,0.123489978,-0.323109535,-0.240173049,0.055657627,0.077390396,0.014610995,0.134983184,0.446484107,0.078055785,0.054818448,-0.063245917,0.040495127,0.106890889,-0.012766672,0.008970857
Cyprus,-4.217213147,0.189255521,0.72382029,0.092425357,0.275724564,0.960237245,-0.197532587,0.500322646,0.37206513,-0.745766626,-0.767140915,0.066685856,-0.288269538,-0.147727497,-0.629359584,0.569355848,0.843652864,0.307595757,0.44901088,-0.02927551,-0.03640607,0.227298897,-0.304110587,0.065977032,0.117947321,-0.074185294,-0.092504089,-0.006634988,-0.004737009,0.02215864
Czechia,-3.995420939,-0.739363473,-0.448503562,1.770237265,0.257014834,-0.190969786,0.383375771,0.381763734,-0.098789641,-0.301909488,-0.429282019,0.257600836,0.021508286,-0.260808457,0.332479026,0.30245609,-0.010424104,-0.102728195,-0.03266849,0.066774003,0.066319058,0.125136915,0.210858773,0.041802981,-0.050045244,-0.061979016,-0.15704059,-0.04375747,-0.023326219,-0.012923107
Denmark,-4.195785726,-1.512373896,0.376388475,0.649857133,-0.52701476,0.126466762,0.135510919,-0.087993826,-0.42755077,-0.058201598,0.569466847,0.307435866,-0.200510046,-0.452394215,0.402750339,0.625621389,0.0914974,-0.001523128,-0.177299904,0.011110598,0.164179491,0.003370535,0.158806062,-0.13619269,-0.167983162,0.005905064,0.0010421,-0.081410817,0.026994962,0.005341309
Dominican Republic,-0.148331604,0.726175071,0.878701978,-2.911537128,-0.168989812,-1.505166195,-0.886291559,0.404798545,-0.075328153,0.09869474,-0.788312298,-0.438952416,-0.031503901,-0.283203475,0.063327799,-0.656189533,-0.380104045,0.24342817,-0.741918361,0.678612055,0.55850433,-0.081870922,-0.152385096,-0.318905181,0.219880975,-0.073610866,0.34478849,-0.085866857,0.027711968,0.052374308
Egypt,-1.203233583,2.605511234,1.622112407,-1.41632981,1.206738533,-0.284635469,-0.380780331,-3.544631722,1.151775773,-0.441862306,-0.696520977,0.001727627,-0.656222331,1.779065928,0.616691483,1.098342321,1.040889267,0.037191268,-0.182282946,-0.250287546,-0.132152093,0.051298582,0.185365172,0.102330545,-0.004495271,0.107471817,-0.018524976,-0.027438786,0.016619287,-0.001539579
El Salvador,-1.442788469,-1.58979194,-0.229707885,-1.35548537,-0.626549366,-0.147286996,-0.063329941,-0.746451239,0.632167073,-0.078144288,-0.84805193,0.036098117,0.597241259,0.813668534,0.49348939,0.304242727,-0.852390458,-0.022702599,-0.18937358,-0.013882556,-0.14297592,-0.217438274,0.344735859,0.054838299,-0.024764544,-0.07927317,-0.084751216,0.023289151,-0.015499402,-0.054833212
Estonia,-4.468206137,0.711841793,1.185277827,1.427247646,0.517652701,-0.115849281,-0.521986732,-1.097271927,0.715707467,0.12863404,0.0538328,0.213759071,-0.058137382,0.342788998,0.05355897,-0.125998226,-0.132622328,-0.279802986,-0.258741446,-0.310462242,0.198437392,-0.108666427,0.175462513,0.049278167,-0.154725949,0.068030589,0.108523335,0.043749044,0.030025897,0.030851544
Eswatini,4.537440661,0.084044076,-0.607118462,-0.16268265,0.518767956,-2.545983596,-1.993864932,0.224123698,-0.43401786,0.691366782,0.128127859,0.257863969,-0.045314428,0.212203933,-0.164025809,-0.415667524,0.837834418,0.46961382,0.46124452,-0.456972937,-0.437459082,0.220883851,-0.175502679,0.030385138,-0.335814842,-0.295222881,-0.186865242,0.052953792,0.003502949,-0.073090511
Ethiopia,6.578305352,-1.069711729,1.605917781,-0.01513381,-1.332197264,1.417856349,0.239616857,0.567180042,0.149119541,0.436984566,0.829904055,1.608587097,0.169313329,0.525962359,0.522048045,-0.656600354,0.97488095,0.118493365,-1.010423119,0.56373363,0.261031065,0.479855899,0.534692836,-0.155314824,0.058818946,0.057072902,0.340075259,-0.102293204,-0.021495972,0.036786024
Fiji,0.472660538,-0.098126889,-2.522409028,-0.444288205,1.033610978,0.206320689,1.268448357,-1.017129276,-0.504472596,0.31898119,-0.141711206,-0.485166072,-0.73195779,-0.034537696,0.347080216,-0.372056734,0.899780084,-0.629865547,-0.021744709,-0.786955264,-0.144882003,-0.23892882,0.144041688,-0.655951764,0.019935826,-0.063993298,0.089556432,0.139655271,-0.027266151,0.020344074
Finland,-4.737219099,-1.463390147,0.957563589,1.20121978,-0.778694923,0.191228931,-0.637480267,-0.183487552,-0.066493106,0.061269882,0.675939237,-0.467205961,-0.323109204,-0.22275951,0.061680958,-0.407811772,-0.11550631,-0.062132506,0.024445275,-0.032640401,0.248330993,0.036780241,-0.136594128,-0.116270989,-0.283291866,0.091266165,-0.042495914,0.004998511,0.005180065,-0.003054272
France,-4.649346931,-1.386473416,-0.053325253,1.650761322,-0.330024472,0.759242779,-0.383072599,0.221274597,-0.060051118,-0.265661818,-0.497422358,0.054623944,-0.171062248,-0.458604981,-0.396072662,-0.449405516,-0.074008407,0.077040761,-0.086397963,-0.159795167,0.122734408,-0.069694477,0.16046597,0.42046428,0.140746906,-0.033221466,-0.010893072,0.051972249,0.044873409,0.010547125
Gambia,5.501051267,-1.144665224,-0.517315411,-0.01482839,-0.028971906,0.021740433,0.432095891,0.014890376,-0.808442892,0.5001583,-0.613150709,0.237915751,-0.517835427,0.740684165,-0.337215406,0.124098342,-0.615790253,-0.904778252,-0.325300459,-0.236392309,0.58440187,0.011159846,-0.616761449,0.66574982,-0.223478376,-0.497431879,0.007805614,-0.174485235,0.002698867,0.071380301
Georgia,-1.711419387,5.250288584,1.974918948,-0.184029242,2.689983607,-1.737239046,0.753329191,0.495617694,-0.072690656,0.861305352,1.107791386,0.592354384,0.331150563,-0.51023353,0.659818122,0.262450243,-1.237284961,-0.5079615,-0.066862434,0.121166504,0.034974607,-0.194553486,0.079579801,-0.183407925,-0.181924678,0.085984463,-0.022151572,-0.038964076,-0.031238978,-0.047773716
Germany,-4.665327933,-1.290669377,0.024371852,1.748834588,-0.157644204,0.042242757,-0.068030673,0.001319505,-0.441119734,-0.076464487,0.188398992,0.446617438,-0.576636069,-0.366420271,0.165123356,0.373273817,-0.220179036,-0.030876319,-0.098115411,0.06304233,0.031084939,-0.122446514,0.202807749,-0.020775435,0.125039149,-0.082564486,0.025377755,-0.081293841,-0.039625151,-0.01819488
Ghana,4.915065007,-1.426181605,-0.045492464,-0.13501374,-0.555205283,0.132926622,0.713027333,-0.167375068,0.095756947,0.390474541,1.125204485,-0.862799228,-0.514223391,0.662607677,0.786566907,0.363888846,-0.346522009,-0.304823426,-0.327887484,0.577232298,0.398571815,0.524589076,-0.296646767,0.107373466,0.080944574,-0.604251743,-0.249973291,0.108634516,0.040340797,-0.055813174
Greece,-4.481405445,1.123262121,1.165237723,1.216569488,0.78445496,0.359167015,-0.024443916,-0.218526276,1.048547508,-0.326911676,-0.980014005,0.548448701,1.062297732,-0.026133973,-0.391870091,0.638553897,-0.26487516,-0.636081156,-0.348805002,0.203734367,-0.067316796,0.014947494,-0.470268956,-0.07686408,-0.060240878,-0.000645677,-0.033582846,0.022509214,0.012260305,-0.006223547
Guyana,1.549969234,1.248125587,-3.176504279,-1.114016055,-2.472857659,-2.499885818,1.293116603,-0.974921562,-0.595193956,-2.360887251,0.651711756,-0.124356231,-0.146317603,0.588878464,-0.889051098,-0.10893295,-0.475211739,0.425439927,-0.501918976,-0.150960203,0.102741856,0.064710453,0.167468391,-0.303856049,-0.283101823,-0.315071187,-0.016761487,0.026259525,-0.006807486,-0.003385045
Hungary,-3.242996643,0.202265967,-0.661235358,1.276424087,0.675146887,-0.381616791,0.61175623,-0.40035852,0.107646866,-0.114327339,-0.478152614,-0.121694534,0.266001894,0.383858137,0.426115306,-0.247134625,0.220138594,0.110633024,0.178513767,0.00325402,0.064369738,0.288923407,-0.034533588,-0.283369578,0.147039482,-0.08153619,0.07584004,-0.004807752,0.006022082,0.017185797
Iceland,-4.664273988,-1.684096928,1.129744903,0.52984787,-0.83698307,-0.118826059,-0.448458665,-0.329288687,-0.37333802,0.36255071,1.252051137,0.337639977,-1.016884641,-0.290474553,0.209272372,0.438295723,-0.30190803,0.169178399,-0.021864634,0.104505209,0.096476367,-0.115208433,-0.180774336,-0.260994063,-0.184812652,0.100792517,0.001582021,-0.039857488,0.052117635,-0.005523316
India,2.474878678,7.547988982,-2.255462738,1.50765162,-8.26029311,1.369732952,-0.602272258,0.163250963,0.951780174,1.45231249,-0.95408993,0.227044488,-0.308799268,-0.426134628,0.86563508,0.042677147,-0.100948448,-0.191201463,0.263499793,-0.052587085,-0.172845421,0.007597914,-0.036361717,-0.078531542,0.016391791,0.025164994,-0.060645601,-0.037545445,0.001752894,-0.010399946
Indonesia,1.107175373,0.682946238,-2.620532616,-0.330584808,0.583977171,1.746244516,0.015633151,-0.719447664,0.184004996,0.500592858,-0.101582201,0.022059076,-0.061410423,-0.327602529,0.295505656,0.359054396,0.222762988,0.244183778,1.287939088,-0.039526871,0.70532279,0.016404453,0.068961025,0.151300593,0.340803678,-0.199812118,0.260802772,-0.050562822,0.020047308,-0.00061936
Iran (Islamic Republic of),-1.302374462,0.345675334,0.924492167,-2.878469173,-0.186452779,-0.162882767,0.042024399,-0.272582705,0.411465962,0.621089109,-0.178474275,0.271187432,0.300351351,-0.150559944,-0.384566188,0.059431972,0.236041223,0.090034444,-0.096288761,-0.03445773,-0.013418943,-0.051135139,0.082552088,0.456787018,0.072665078,0.059193292,-0.154011885,0.125109932,-0.114857388,0.001385326
Iraq,0.094081067,-0.887292584,-1.178778921,-1.810300657,0.040271153,0.249445442,0.384341557,-1.470553759,0.057996721,-0.140142145,-0.975640932,0.13732854,0.019095478,-0.194831711,0.118316488,-0.627741859,-0.290324302,0.14715815,0.358137233,0.240062492,0.103708398,-0.140441864,-0.00543642,0.464442003,0.088009748,0.155191945,-0.072655849,-0.026775399,-0.033970723,-0.009836756
Ireland,-4.810374723,-1.412384413,0.70137587,1.587043025,-0.699155213,0.25203361,-0.945260173,0.101763097,-0.409299409,-0.009898044,0.323313697,-0.224977107,-0.631645727,-0.028926526,-0.10268308,-0.875834032,-0.014222622,-0.244406116,0.099884778,0.031538621,0.132200988,0.22983963,-0.109644584,0.207122493,0.110039702,0.10288892,-0.106218018,0.125301812,0.00682856,-0.003093805
Italy,-4.431077099,-0.594733156,0.97749096,0.368083453,-0.426649064,0.667778139,-0.016267643,-0.116991425,0.222504993,0.035631935,-0.161074849,-0.191764286,1.011096643,0.046826683,-0.219656513,0.373884043,-0.076077545,-0.347107491,-0.191545879,-0.092545602,-0.113457849,-0.044843651,-0.078748849,-0.007600752,-0.0163311,-0.077318234,0.048503175,0.021330896,-0.049548342,-0.010221853
Jamaica,-1.010925819,-0.537175679,0.302558551,-2.695545229,-0.277602699,-0.086645366,0.442699969,0.390516937,-0.419266153,-0.185756232,-0.028373116,0.284680373,-0.081160329,-0.416580384,0.365187563,-0.015628928,0.392043128,-0.412731019,0.617544026,-0.007994904,0.122684298,0.189707198,0.244498415,0.21975867,-0.11564417,0.073491744,0.177089855,0.027842722,0.027994379,0.046110309
Japan,-4.818337707,-1.574227246,1.231361823,1.479582134,-1.158170028,1.304202298,-0.512388694,-0.415198964,0.51814308,0.127789595,0.227677114,-1.762999748,0.742182615,0.663138643,-0.442235151,-0.539399667,-0.266874115,0.19525929,-0.062826436,-0.090850197,0.028577292,-0.222220731,0.184485882,0.073177062,-0.128793789,-0.116298154,0.282462548,0.001448386,0.039048321,-0.024253616
Kazakhstan,-1.756222633,-0.47597316,-1.384937589,0.485421692,0.246558327,-0.865226501,0.597055092,-1.004846916,0.460989632,1.386712638,0.234205523,0.066044962,0.912995997,-0.304471586,-0.159807046,-1.145145729,0.05623935,0.686795045,-0.335953101,-0.333935734,0.02972292,-0.294577333,-0.366468297,0.217289483,0.245119216,-0.025435971,0.081233024,0.079939268,0.004880751,0.007310643
Kenya,4.608596428,-1.632548512,0.607527629,-1.117170441,-0.577719147,0.678695847,-1.191349809,0.689499575,-0.019820093,-0.032122729,0.083775446,1.579899914,0.015576969,0.117682912,-0.415687235,-0.354828626,-0.104637084,-0.389896006,-0.216809196,-0.616705601,-0.175391485,0.396162835,0.511652358,-0.641541306,0.252586995,0.258157594,-0.007619051,-0.245794775,0.051590723,0.039443592
Kyrgyzstan,-0.558449654,0.674021088,-2.280082034,-0.098579662,-0.622329511,-0.587952649,1.033368891,-0.336734211,-0.347776251,-0.832821345,0.805738398,0.368354472,-0.51260315,-0.008323315,-0.839642762,0.083822506,-0.03576987,0.03192633,0.092263135,0.200140022,0.287448268,-0.671063798,-0.084113672,0.214620355,0.197891165,0.187415533,0.179202193,-0.242608911,0.025232483,-0.021235196
Lao People's Democratic Republic,3.241210971,0.374565263,-1.413682673,1.444019745,1.339496701,1.021756657,0.8114876,0.406223438,-0.430631653,-1.330461409,-0.950553172,-0.330513497,-0.486545198,0.125180907,0.544356438,-0.41283449,0.57867903,0.180617055,-0.637836556,0.17610872,-0.280289688,-0.475493381,-0.341515295,-0.084143905,-0.149668835,0.025525719,-0.018544821,-0.169109308,0.035820597,-0.057027213
Latvia,-2.951914198,1.858561702,0.282510683,0.96663833,1.248070882,-0.541861826,0.154257114,0.397843331,0.537191685,-0.137339828,-0.584770911,-0.280307323,0.309113881,0.115538871,0.033020799,-0.369396408,0.397850828,0.178159409,0.193191187,-0.168619221,0.076141029,0.359972696,0.330390229,0.057121704,-0.002220452,-0.237094776,-0.057234494,0.056751877,0.002092996,0.021669042
Lesotho,7.815803435,0.400697018,-2.068799438,1.010067971,1.529028141,-0.977107587,-3.064192502,-1.057200657,-0.539850609,0.323799797,-0.189333857,-0.328003799,0.258775412,-1.055925625,-1.003574341,0.375930854,-0.54764004,-0.357644932,0.17875756,0.128367066,-0.351131447,0.195766913,0.459488682,0.283784967,-0.150488197,-0.202905209,0.25027196,-0.268999769,0.005384765,0.012667236
Lithuania,-3.828066532,0.597865936,0.327012191,2.105294584,0.712194873,-1.161035498,-0.09010596,-0.323410229,0.321027421,0.327824185,0.285635475,0.500999326,0.680495294,0.001241122,0.599233894,-0.354417058,-0.172942082,-0.601287551,-0.376870989,0.039867908,0.216614559,0.06244312,-0.127989676,-0.193136634,-0.056208341,0.082210105,0.051019919,-0.00443134,-0.00032423,0.016873103
Luxembourg,-4.720029102,-1.666659348,0.394726914,1.064455215,-0.624550888,0.031136425,-0.50349312,0.049109285,-0.253739849,-0.178854783,-0.050790887,0.246377316,-0.740373355,0.124025753,0.150865945,0.547439907,0.084723877,0.046588805,-0.230110969,-0.042114286,0.091578783,0.029141706,0.197769165,0.091841246,0.041697738,0.050150893,-0.011649726,0.033165706,0.005376081,-0.001890437
Madagascar,7.052221377,-1.162865289,0.079472661,0.827496764,0.385327622,1.437300616,0.60607581,0.295008432,2.219368576,-0.749124276,0.5888217,1.112520245,0.029027207,0.001459656,0.367176784,-0.853306622,0.114201838,0.66853838,0.164027007,0.16052384,-0.027899956,-0.024051904,-0.190331143,0.416591213,-0.214158545,-0.050248452,0.135027725,0.171687851,0.033140252,-0.0337864
Malawi,4.846048661,-1.688603378,0.280278021,-1.016362557,-0.429471765,-0.147071686,0.044962389,0.59709766,1.251536463,-0.413400953,-0.176808081,-0.043730162,-0.528285598,-0.029730929,0.296711982,-0.108592782,-0.810527437,-0.430166633,0.312340224,-0.57549748,-0.158417294,0.364972362,-0.47131229,-0.030849969,-0.150055671,-0.341243388,0.152792454,0.022949,0.040708614,0.006678715
Malaysia,-1.58175364,-1.186643883,-1.396101051,-1.693758517,-0.121623678,0.425148801,0.301582507,-0.545601108,0.387358462,0.911123277,-0.3076728,0.305173034,0.194229244,0.110210813,-0.540150139,0.043086266,-0.236629799,0.290720841,-0.048334743,0.212725228,0.51737206,-0.219882287,0.18764636,-0.176556023,-0.168959379,0.014775837,-0.232779019,0.051309057,0.066392416,0.021435184
Mali,8.098578474,-0.814543464,1.70636941,0.681093309,-0.209532142,-0.32844207,1.160304947,-1.413753442,0.005282937,-0.643298065,-0.316637658,-0.902683176,0.01903559,-0.816552025,0.034458041,0.14566544,-0.305608965,0.370207711,0.538875972,-0.549709913,-0.192557262,-0.060341009,-0.395588156,-0.328568064,0.075938638,0.300013951,0.121999964,-0.113195461,-0.023484665,0.061154575
Malta,-4.24824343,0.175515247,1.389524603,0.048978794,-0.333441099,0.707979794,-0.754998757,0.055437363,-0.254267499,-0.013267867,0.00924788,-0.89138722,0.423916891,-0.05736822,-0.554261066,-0.788415561,-0.017497515,-0.070998842,0.203454189,-0.0045249,-0.167648141,-0.061450011,-0.249919311,-0.06130236,0.142630036,-0.107194609,0.028113677,-0.052129642,-0.015911711,0.000828857
Mauritius,-1.537696233,0.247111008,-0.710292226,-0.976867766,0.562785182,0.010665075,0.542127156,-0.822579339,0.026654983,-0.070099239,-0.369971928,-0.186068895,0.10715585,-0.722180535,0.090124518,-0.462142406,0.1854441,-0.102598289,0.28486131,0.128828781,0.645413132,0.329532634,-0.066505951,-0.246212486,-0.136643407,-0.075930042,0.027243706,0.11008259,-0.083109827,0.00131929
Mexico,-1.396855286,-1.478248942,-0.829975505,-1.593855522,-0.544520195,-0.101841094,0.755603481,-0.138573547,-0.611691366,-0.11659876,-0.252747007,0.575740087,0.162309671,-0.66243655,0.816815251,0.247081863,-0.267459709,0.134600173,0.254444535,-0.253049414,-0.433036225,0.048433657,-0.062326865,0.046495396,0.119641034,-0.114668599,-0.093643735,-0.039721707,-0.010915454,0.004795986
Mongolia,1.286631306,0.212876871,-2.438571477,1.236428667,1.404224228,-0.327265936,-0.463683456,0.474296967,1.034692984,0.669511746,1.320599055,-0.246459213,0.844398679,0.831314332,0.577262493,-0.092240786,0.509732459,-0.374395772,-0.035092166,-0.222358706,0.427065476,-0.465343673,-0.333855537,0.163021858,0.376261162,0.053751878,0.090045965,-0.241943875,-0.055354426,0.021886178
Morocco,-0.307313304,0.318465866,0.871518486,-2.906657909,-0.145528439,0.457951332,-0.750117797,-0.04237614,-0.042275603,0.393973655,0.152856959,0.259166229,0.333250632,-0.01061299,-0.863464155,-0.085647501,0.873024379,-0.149381932,0.410600709,1.106591634,-0.264468793,0.097767359,-0.159832004,-0.315994935,-0.263993145,-0.081723356,-0.285149434,-0.089425915,-0.00325807,0.006323752
Mozambique,7.221612046,-1.844655399,-0.286202308,-0.295364288,-0.142818812,-0.181359957,-1.278947175,-0.19744658,1.484242327,-0.714734126,0.347739037,0.193731382,0.178395995,-0.596371394,0.579825425,-0.306160609,-0.535658442,-0.292588867,0.296177298,0.122987015,-1.297289575,-0.59038469,0.138037456,-0.070767114,-0.27793554,-0.090691767,0.314014692,0.143776119,-0.002182517,0.011575683
Myanmar,3.135982484,2.194661403,-0.761993734,0.502401638,1.594060478,1.799632504,-0.431517454,0.427400319,-0.063112543,-0.213818384,-0.174997856,0.128908019,-0.186743622,-0.55842263,-0.6478268,0.284513204,0.558769802,0.821730603,-0.494171381,0.395442165,-0.043846745,-0.259080535,-0.231067656,-0.422278983,-0.080099073,-0.542099106,0.145748712,-0.071520882,0.006383707,0.000333584
Namibia,3.534378285,-0.885373495,-2.005114183,-0.415172334,0.410281472,-0.141977648,-1.740991194,0.396933106,0.094703573,0.478372203,0.199483214,0.117786198,0.428427818,0.649035843,-0.013016134,0.237569015,-0.595699721,-0.117368832,-0.539085763,-0.06054616,0.043611633,0.294972536,0.013506376,0.155280429,0.556048148,-0.077088494,-0.278514581,0.195857548,0.012640231,0.097004893
Nepal,2.664945966,1.52947179,-0.273648173,0.069501173,1.18887324,2.060624319,0.244487969,-0.332551114,-1.040151986,-0.334913279,-0.101152597,0.27889315,-0.016902085,0.711915819,0.225702951,-0.747419692,-0.804510112,0.022831339,-0.201747663,-0.029165081,-0.387333876,0.312656626,-0.180792324,0.227277407,0.006471533,0.295760025,-0.486130069,-0.221750897,-0.042976079,-0.044389226
Niger,8.923531808,-0.763924886,2.694615147,1.091508431,-0.444882537,0.456460487,1.502273633,-0.251788942,0.823816003,-0.068033242,0.960635953,-0.217087839,0.480004424,0.223223322,0.105506124,0.164245492,-0.140234944,1.013473847,0.253426447,0.002789625,-0.269393098,-0.153015895,0.217615452,-0.167081056,-0.132236256,0.033214641,-0.599490605,-0.257023137,0.002351763,0.053725537
Nigeria,8.819778263,1.715408973,2.737998392,2.001150595,-0.898044236,-0.591765949,-0.845065115,0.161998235,-2.832844321,0.222211111,-0.842459043,-0.236148896,0.262840516,-0.028823178,0.611889033,0.607251261,0.506924493,0.05259625,0.000878368,0.173677843,0.452098038,-0.512033265,-0.188396918,0.037560612,-0.251467056,-0.014210192,0.021381139,0.284343613,0.015386734,0.020836553
Norway,-4.985542503,-1.791849226,0.777222392,0.81723797,-0.902160125,0.514587428,-0.770424255,-0.855402739,-0.641733126,0.530481485,0.965033681,0.075324535,-1.140477906,0.112018039,-0.241940244,-0.14379727,-0.240514579,0.037119547,0.148153912,-0.127187683,-0.210786447,-0.126909978,0.142483406,-0.017075364,0.137739952,-0.083248402,-0.020054362,0.010012531,-0.048307075,0.000194179
Oman,-1.541174636,-1.794223677,-0.81322459,-1.584246032,-0.718652454,0.091871321,0.52770981,-0.991038993,0.105934579,0.875220699,0.258011453,-0.009301404,0.536768095,0.239933069,0.081572029,-0.429366114,0.426629521,-0.434880003,0.033246366,0.219365657,0.583270459,-0.36419539,0.298173981,-0.144126837,-0.299998747,0.123871962,-0.28548098,0.012987709,0.017472036,-0.035237094
Pakistan,4.729260841,0.341422789,-0.865076085,0.218592198,0.354243791,0.997622129,0.196878296,-1.818320003,-0.607638841,0.098966851,0.348122769,-1.179624494,0.477324376,-1.35916311,0.247269828,0.608619569,0.346063829,-0.14979571,-1.128858983,0.846594718,-0.5242501,0.632814515,-0.0020531,0.437191225,-0.079770555,0.250462776,0.194712854,-0.065111177,-0.02863493,0.011604142
Panama,-1.617798767,-1.897327677,0.078522565,-1.565850885,-0.917095668,-0.296744934,0.186879467,0.360065145,-0.660472029,-0.490136233,-0.202519409,0.399813367,0.121913991,0.039912914,0.856501163,0.345546253,-0.069573104,0.351065723,0.044817197,-0.042994187,-0.391796915,0.060881395,0.077046215,0.258430565,0.343223961,0.043958771,0.22210154,0.042000155,-0.016762371,-0.024419893
Paraguay,-0.476076426,-0.652298179,-0.24587185,-1.910395179,-0.153567018,-0.59519925,0.44016105,0.543739258,-0.378975243,-0.365625746,-0.572773709,-0.048396687,-0.393905503,-0.212000493,0.679640697,0.200112409,-0.38085532,0.347136001,-0.114161482,-0.057124782,0.007439511,0.037289863,-0.254588785,-0.028188546,-0.107654527,0.166593207,0.175154773,0.09293124,-0.000720982,-0.011375457
Peru,-0.992460679,-0.960567516,0.254777388,-1.61964896,-0.476070706,0.153843744,0.195263048,1.026433677,-0.593570203,0.250746037,0.498520151,0.567118419,0.211280973,0.476718975,0.175465281,0.731304472,0.430296569,0.140997964,0.343324947,0.208384157,-0.416684921,-0.044787296,-0.045018625,0.432261375,0.423613823,-0.012250687,0.210151021,0.084138234,-0.045455856,-0.00517544
Philippines,1.55272212,1.530523494,-2.651259279,0.433364011,0.340993246,0.886348356,-0.957751595,0.261033879,-1.080678884,-0.317666823,1.295684439,-0.818685026,0.180006997,1.017141722,0.455710194,0.479744423,-0.219294372,0.341761357,0.105880406,-0.29868548,0.107975771,-0.015411231,-0.349621464,0.080103685,-0.132814906,0.558176299,-0.026247583,0.011884898,0.025244141,0.060407553
Poland,-3.267109495,0.470688881,-0.058898485,0.286206635,0.334549909,-0.233241118,0.179388094,0.498056875,-0.448891759,0.050493565,-0.407463619,-0.438724388,0.074822344,0.341180407,-0.054933314,-0.447421877,0.456041406,0.209366471,0.343927621,0.271456072,-0.127085901,0.496356157,-0.271471318,-0.237494911,0.170772896,0.073731055,-0.056216036,0.07494746,0.014803772,0.018515382
Portugal,-4.795073842,1.07325906,1.424294357,0.436103844,-0.527195192,-0.457622043,-0.724151505,0.220749477,0.336761337,-0.945756793,0.131535187,0.648032643,0.430307814,-0.345777284,-0.577267593,0.214028713,0.067908708,-0.375792707,-0.401171203,-0.300081023,0.113449997,-0.139422118,-0.360208396,-0.099460258,-0.143812452,0.070341701,-0.09269974,0.026843868,0.002427232,0.015967522
Republic of Korea,-4.117697685,0.528116497,1.903752415,-0.907056887,-0.271675004,0.307110501,-0.903228775,1.08329704,-0.135561629,0.038031074,0.210258054,-0.43404988,-0.035033946,-0.191381612,-0.728613066,0.32660537,0.377378452,0.509890439,0.260073521,-0.045006257,-0.192738056,0.036440042,-0.388485438,-0.070335041,-0.002460812,0.021661644,-0.079429386,-0.051565029,0.049366038,0.008076681
Republic of Moldova,-1.259347063,3.510440774,-0.998574363,0.45372525,-1.702265546,-2.013387043,0.710543444,0.176088302,0.103285723,-2.143209114,1.767550486,0.259845732,0.15785767,0.450138434,-1.587635218,-0.122206393,0.36158742,-0.372159313,0.033888407,0.254602873,-0.068246059,0.250363312,0.227623083,0.300293733,0.173608462,0.053366532,0.065152141,0.132515863,-0.01335072,0.009772559
Romania,-2.48712345,1.21477205,0.359850425,1.1829414,0.82544657,-0.478403851,0.166663568,0.064970967,0.024779549,-0.000150924,-0.112681608,-0.5903409,0.166880627,1.061994564,0.574920313,-0.175978457,-0.324884422,-0.01811554,-0.063188783,-0.012206302,-0.453413054,0.376940857,0.073397541,-0.263786518,0.163347705,-0.094778217,0.188737556,0.109401538,0.05111361,0.012559765
Russian Federation,-1.663461833,-0.023538088,-1.376897527,0.833491097,0.870734689,-1.434354418,0.970990145,0.391016034,0.259142866,0.8013119,0.403494487,0.518295503,-0.470613989,-0.498796371,0.247727558,-0.068824662,0.076987885,0.896881057,0.100767286,0.207225793,0.015212424,0.147545465,-0.074119129,-0.268576319,0.077942062,-0.232058067,0.001513969,-0.004225555,-0.017970578,0.010270855
Rwanda,3.004508628,-1.733299363,-0.518831783,-0.296718332,-0.469370104,-0.628601843,0.562455639,1.391513621,0.482302564,0.612610527,-0.536323628,-0.008390271,-0.674198265,0.303962021,-0.406148152,-0.034522608,0.830172859,-0.492814256,-0.699669075,-0.109515542,0.03384571,-0.391448861,-0.045216678,-0.10932196,-0.381956496,0.03499244,0.200387879,-0.054785646,-0.033734123,-0.01101946
Senegal,4.514874595,-1.462690372,0.243226206,-0.765324021,-0.529103229,0.623601795,0.950530746,-0.278452442,0.397937603,0.185316179,0.418873395,-0.467172624,-0.039105432,-0.02454421,0.101423956,0.414707821,0.143946055,0.040429892,-0.220648273,0.079615614,0.046442189,0.26785287,-0.355143429,0.140080485,-0.657710545,-0.037369711,-0.036669833,0.018709278,-0.021901173,0.019246087
Serbia,-2.332810671,0.677848676,-0.94343423,1.328703521,1.093184259,0.81600152,1.121955043,0.545289736,-0.014746366,0.28735964,-0.436870796,-0.175906075,0.310544324,0.202267652,-0.47912744,-0.741203266,-0.002560692,-0.747552763,0.637315138,0.306527853,-0.383724456,-0.023415215,0.024410205,-0.189647466,0.022278485,-0.053299893,-0.017607317,-0.078016364,-0.019264102,0.004954449
Seychelles,-2.026718083,-0.536260516,-0.622264212,1.062395305,0.212918107,-2.038394087,-0.28530027,1.049793483,-0.677153528,-0.906442143,-1.065755419,-0.195819291,-0.791687681,-0.035250833,1.219180169,-0.625556253,0.189901269,0.540214657,-0.032986829,0.207782556,0.052187953,0.138903721,0.363195793,0.30716985,-0.114617355,0.172184104,-0.06300244,-0.165718211,0.009435898,-0.019507897
Singapore,-3.832503173,-0.903171125,0.603994939,-1.374827885,-0.61205716,1.272952823,0.360336601,-0.215699465,-0.600684902,0.447733636,0.759113195,-0.162085376,0.354635209,-0.071470833,-0.351234817,0.732954206,0.121467172,0.103161054,0.506606431,-0.28878541,-0.211491543,-0.134885495,0.037199438,-0.007522366,0.151822499,-0.120391431,0.032084629,-0.006145106,0.097559166,0.011410002
Slovakia,-3.030291183,0.046927342,-1.078217157,0.384990942,-0.265585707,-0.065070434,1.134795765,0.379546815,0.141595085,-1.249980512,-0.542212732,0.388113705,0.857959033,-0.389067528,-0.10972668,0.578443501,0.328933266,0.029681699,0.065081845,-0.293927328,-0.008978478,0.042119648,0.223971368,0.084734141,0.034716461,-0.209398543,-0.148402513,-0.025176721,0.025136189,9.12E-05
Slovenia,-4.015835314,-1.225210209,0.084110198,1.094553496,-0.329920957,0.092626724,0.310472696,0.275816737,-0.153608382,-0.002939134,0.140773011,-0.256670489,-0.229024263,0.059957529,0.21677796,0.488697641,0.016305641,0.194851936,0.037891,0.142036658,0.093886206,0.107080095,0.268028829,-0.041007509,-0.121415937,-0.01686312,0.045423775,-0.011653507,-0.026962147,-0.017769409
South Africa,1.797172361,-0.236560735,-3.256162132,0.258719862,1.122531318,-0.438548215,-2.208605154,0.435849007,0.652044031,0.00325139,-0.070018717,-0.399078103,0.899808405,-0.165192242,0.11522144,0.756994999,0.01695685,1.079961282,0.22809823,-0.062994467,0.459156776,0.021088963,0.159162075,-0.405628626,-0.016494083,0.258244254,-0.07337636,0.095951649,-0.0794717,-0.011005272
Sri Lanka,-0.763565035,-0.303061441,-1.023123687,-1.164310448,0.411287788,0.915026771,1.443634066,0.833924561,-0.20230176,0.520298327,-0.001555462,-0.201957219,-0.474578441,0.401377948,-0.164658341,0.384342233,0.064815839,-0.351150082,0.151419915,-0.387286021,-0.33081346,-0.124364377,-0.08205867,-0.294432416,-0.324167829,0.201123288,0.154359284,0.030444878,-0.048693862,0.051664169
Thailand,-1.466530417,-0.825363615,-1.213398131,-0.912106141,-0.107750997,0.03792966,0.074521851,1.112050765,0.006433144,0.505559792,-1.279398523,-0.358226994,0.200956275,0.884744524,-0.40001601,0.260253758,-1.280123497,0.963197114,-0.547790962,0.38681141,-0.056625934,-0.167543993,0.105781453,-0.155374362,0.063523123,0.212417193,0.032938926,0.00085729,0.064583668,-0.005013643
Timor-Leste,2.971642641,0.028818373,-1.916133049,0.251571527,1.336181763,2.962412712,-1.103154287,0.101122163,-0.51743841,-0.705276608,0.609425869,0.674148202,0.276047786,-0.181879959,-0.18185019,0.097528965,0.25106865,-0.307355602,-0.595592264,-0.057988381,-0.165928017,-0.191456067,-0.027176903,-0.147023408,-0.010388678,0.214437179,-0.04301968,0.389852389,0.059847714,-0.074043129
